{
  "dataset": "cifarlt",
  "minority_class": null,
  "model_acc": null,
  "ablation_1nn": {
    "spotgreedy": 0.22184909974278366,
    "mmd_critic": 0.12946556158902545,
    "uniform": 0.17662189196913403
  }
}